{
    "name": "car_ovladac_pxt",
    "description": "",
    "dependencies": {
        "core": "*",
        "radio": "*",
        "microphone": "*",
        "pxt-magicbit-pca9685": "github:TomasKazda/pxt-magicbit-pca9685#31053e8d1380ca67c69e729c607b8c68fd4357a5"
    },
    "files": [
        "main.blocks",
        "main.ts",
        "README.md"
    ],
    "testFiles": [
        "test.ts"
    ],
    "targetVersions": {
        "target": "5.0.12",
        "targetId": "microbit"
    },
    "supportedTargets": [
        "microbit"
    ],
    "preferredEditor": "tsprj"
}
